Index,File,Ext,Lines,Imports,Exports,FunctionSites,BrowserGlobalRefs,FindingCount,MaxScore,TopFinding,EvidenceLine,RequiredHardFix
1,bobercad/app/engine/api/api-register.json,.json,938,0,0,2,0,0,0,none,,
2,bobercad/app/engine/api/geometry/paths.mjs,.mjs,315,1,6,49,0,0,0,none,,
3,bobercad/app/engine/api/interaction/snap-solver.mjs,.mjs,640,1,1,65,0,0,0,none,,
4,bobercad/app/engine/api/model/checks.mjs,.mjs,201,2,1,19,0,0,0,none,,
5,bobercad/app/engine/api/model/compliance.mjs,.mjs,167,3,3,23,0,0,0,none,,
6,bobercad/app/engine/api/model/connection-primitive-manifest.mjs,.mjs,43,10,2,3,0,0,0,none,,
7,bobercad/app/engine/api/model/connection-primitive-registry.mjs,.mjs,83,0,4,14,0,0,0,none,,
8,bobercad/app/engine/api/model/connection-primitives/cuts/support-flange-clearance.mjs,.mjs,147,2,1,5,0,0,0,none,,
9,bobercad/app/engine/api/model/connection-primitives/fasteners/secondary-web-bolting.mjs,.mjs,298,3,1,21,0,0,0,none,,
10,bobercad/app/engine/api/model/connection-primitives/plates/base-plate.mjs,.mjs,134,1,1,2,0,0,0,none,,
11,bobercad/app/engine/api/model/connection-primitives/plates/dual-member-gusset.mjs,.mjs,269,2,1,9,0,0,0,none,,
12,bobercad/app/engine/api/model/connection-primitives/plates/member-end-plate.mjs,.mjs,153,1,1,1,0,0,0,none,,
13,bobercad/app/engine/api/model/connection-primitives/plates/secondary-web-plate.mjs,.mjs,103,1,1,5,0,0,0,none,,
14,bobercad/app/engine/api/model/connection-primitives/shared/secondary-web-context.mjs,.mjs,99,2,2,3,0,0,0,none,,
15,bobercad/app/engine/api/model/connection-primitives/shared/validation.mjs,.mjs,59,0,10,12,0,0,0,none,,
16,bobercad/app/engine/api/model/connection-primitives/stiffeners/support-web-stiffeners.mjs,.mjs,112,2,1,5,0,0,0,none,,
17,bobercad/app/engine/api/model/connection-primitives/trims/secondary-member-gap-trim.mjs,.mjs,41,1,1,1,0,0,0,none,,
18,bobercad/app/engine/api/model/connection-primitives/welds/support-edge-fillet.mjs,.mjs,57,2,1,5,0,0,0,none,,
19,bobercad/app/engine/api/model/geometry.mjs,.mjs,239,4,1,22,0,0,0,none,,
20,bobercad/app/engine/api/model/semantic-builders.mjs,.mjs,554,2,1,30,0,0,0,none,,
21,bobercad/app/engine/api/model/smart-component-parameter-values.mjs,.mjs,391,2,15,52,0,0,0,none,,
22,bobercad/app/engine/api/model/solver-result.mjs,.mjs,124,1,5,15,0,0,0,none,,
23,bobercad/app/engine/api/model/transport-sectioning.mjs,.mjs,234,7,5,35,0,0,0,none,,
24,bobercad/app/engine/api/model/trim-region-keys.mjs,.mjs,67,0,4,12,0,0,0,none,,
25,bobercad/app/engine/api/project/axis-relations.mjs,.mjs,243,3,9,28,0,0,0,none,,
26,bobercad/app/engine/api/project/datums.mjs,.mjs,173,2,13,26,0,0,0,none,,
27,bobercad/app/engine/api/project/dependencies.mjs,.mjs,277,3,17,45,0,0,0,none,,
28,bobercad/app/engine/api/project/member-factory.mjs,.mjs,251,3,2,24,0,0,0,none,,
29,bobercad/app/engine/api/project/members.mjs,.mjs,140,1,12,16,0,0,0,none,,
30,bobercad/app/engine/api/project/objects.mjs,.mjs,149,0,7,23,0,0,0,none,,
31,bobercad/app/engine/api/project/plate-sketch-relations-and-bends.mjs,.mjs,91,0,7,0,0,0,0,none,,
32,bobercad/app/engine/api/project/plate-sketch/bend-normalization.mjs,.mjs,74,4,3,5,0,0,0,none,,
33,bobercad/app/engine/api/project/plate-sketch/bends.mjs,.mjs,57,4,2,9,0,0,0,none,,
34,bobercad/app/engine/api/project/plate-sketch/model-accessors.mjs,.mjs,11,1,8,8,0,0,0,none,,
35,bobercad/app/engine/api/project/plate-sketch/model-and-placement.mjs,.mjs,130,4,7,9,0,0,0,none,,
36,bobercad/app/engine/api/project/plate-sketch/relation-analysis.mjs,.mjs,748,3,11,67,0,0,0,none,,
37,bobercad/app/engine/api/project/plate-sketch/relation-metadata.mjs,.mjs,118,1,18,16,0,0,0,none,,
38,bobercad/app/engine/api/project/plate-sketch/relation-mutations.mjs,.mjs,539,3,25,75,0,0,0,none,,
39,bobercad/app/engine/api/project/plate-sketch/relation-preview.mjs,.mjs,54,3,1,3,0,0,0,none,,
40,bobercad/app/engine/api/project/plate-sketch/sketch-geometry-and-relations.mjs,.mjs,508,1,48,56,0,0,0,none,,
41,bobercad/app/engine/api/project/plate-sketch/solver-and-relations.mjs,.mjs,56,1,5,1,0,0,0,none,,
42,bobercad/app/engine/api/project/plate-sketch/solver-core.mjs,.mjs,573,3,3,46,0,0,0,none,,
43,bobercad/app/engine/api/project/plate-sketch/topology.mjs,.mjs,266,3,4,27,0,0,0,none,,
44,bobercad/app/engine/api/project/profiles.mjs,.mjs,37,0,3,7,0,0,0,none,,
45,bobercad/app/engine/api/project/trim-operations.mjs,.mjs,74,0,12,20,0,0,0,none,,
46,bobercad/app/engine/api/project/work-plane.mjs,.mjs,99,1,5,12,0,0,0,none,,
47,bobercad/app/engine/core/format.mjs,.mjs,17,1,1,1,0,0,0,none,,
48,bobercad/app/engine/core/math.mjs,.mjs,358,0,35,58,0,0,0,none,,
49,bobercad/app/engine/core/model.mjs,.mjs,129,1,13,25,0,0,0,none,,
50,bobercad/app/engine/geometry/csg.mjs,.mjs,386,2,16,34,0,0,0,none,,
51,bobercad/app/engine/geometry/cut-features.mjs,.mjs,242,4,2,25,0,0,0,none,,
52,bobercad/app/engine/geometry/evaluators/fastener-evaluator.mjs,.mjs,181,3,2,19,0,0,0,none,,
53,bobercad/app/engine/geometry/evaluators/trim-evaluator.mjs,.mjs,431,8,4,44,0,0,0,none,,
54,bobercad/app/engine/geometry/evaluators/weld-evaluator.mjs,.mjs,278,8,1,33,0,0,0,none,,
55,bobercad/app/engine/geometry/member-evaluator.mjs,.mjs,445,2,7,56,0,0,0,none,,
56,bobercad/app/engine/geometry/member-geometry.mjs,.mjs,95,3,3,13,0,0,0,none,,
57,bobercad/app/engine/geometry/polygon.mjs,.mjs,159,1,3,14,0,0,0,none,,
58,bobercad/app/engine/geometry/reference-plane.mjs,.mjs,57,1,1,8,0,0,0,none,,
59,bobercad/app/engine/modules/smart-components/smart-component-build.mjs,.mjs,576,12,2,17,0,0,0,none,,
60,bobercad/app/engine/modules/smart-components/smart-component-catalog.mjs,.mjs,110,1,12,15,0,0,0,none,,
61,bobercad/app/engine/modules/smart-components/smart-component-creation.mjs,.mjs,418,3,5,29,0,0,0,none,,
62,bobercad/app/engine/modules/smart-components/smart-component-instance-helpers.mjs,.mjs,29,0,5,5,0,0,0,none,,
63,bobercad/app/engine/modules/smart-components/smart-component-model-helpers.mjs,.mjs,120,1,16,16,0,0,0,none,,
64,bobercad/app/engine/modules/smart-components/smart-component-options.mjs,.mjs,111,2,4,16,0,0,0,none,,
65,bobercad/app/engine/modules/smart-components/smart-component-overrides.mjs,.mjs,201,3,8,22,0,0,0,none,,
66,bobercad/app/engine/modules/smart-components/smart-component-parameters-and-definition.mjs,.mjs,265,2,5,28,0,0,0,none,,
67,bobercad/app/engine/modules/smart-components/smart-component-patch-application.mjs,.mjs,103,4,3,8,0,0,0,none,,
68,bobercad/app/engine/modules/smart-components/smart-component-recipe.mjs,.mjs,44,1,1,7,0,0,0,none,,
69,bobercad/app/engine/modules/smart-components/smart-component-registry.mjs,.mjs,135,5,5,19,0,0,0,none,,
70,bobercad/app/engine/modules/smart-components/smart-component-runtime-validation.mjs,.mjs,86,2,15,17,0,0,0,none,,
71,bobercad/app/engine/modules/smart-components/smart-component-runtime.mjs,.mjs,14,4,4,0,0,0,0,none,,
72,bobercad/app/engine/store/project-command-registry.mjs,.mjs,80,1,3,11,0,0,0,none,,
73,bobercad/app/engine/store/project-command-results.mjs,.mjs,35,0,1,4,0,0,0,none,,
74,bobercad/app/engine/store/project-command-store.mjs,.mjs,1033,16,1,92,0,0,0,none,,
75,bobercad/app/engine/store/project-store-model-helpers.mjs,.mjs,693,4,76,90,0,0,0,none,,
76,bobercad/app/engine/store/project-store-plate-sketch-methods.mjs,.mjs,124,0,1,22,0,0,0,none,,
77,bobercad/app/engine/store/project-store-smart-component-helpers.mjs,.mjs,221,9,17,21,0,0,0,none,,
78,bobercad/app/engine/store/project-store-smart-component-methods.mjs,.mjs,319,0,1,9,0,0,0,none,,
79,bobercad/app/engine/store/project-store-trim-methods.mjs,.mjs,173,3,1,20,0,0,0,none,,
80,bobercad/app/engine/store/project-transaction.mjs,.mjs,56,2,1,2,0,0,0,none,,
81,bobercad/app/rendering/annotations/README.md,.md,19,0,0,0,0,0,0,none,,
82,bobercad/app/rendering/annotations/build-dimensions.mjs,.mjs,67,3,1,11,0,0,0,none,,
83,bobercad/app/rendering/annotations/dimension-geometry-and-label-context.mjs,.mjs,622,8,49,82,0,0,0,none,,
84,bobercad/app/rendering/annotations/dimension-registry.mjs,.mjs,35,12,1,1,0,0,0,none,,
85,bobercad/app/rendering/annotations/dimensions/clearance-cut-offset.mjs,.mjs,43,2,1,1,0,0,0,none,,
86,bobercad/app/rendering/annotations/dimensions/fastener-length.mjs,.mjs,22,1,1,1,0,0,0,none,,
87,bobercad/app/rendering/annotations/dimensions/feature-depth.mjs,.mjs,17,1,1,1,0,0,0,none,,
88,bobercad/app/rendering/annotations/dimensions/feature-option-callout.mjs,.mjs,99,4,2,9,0,0,0,none,,
89,bobercad/app/rendering/annotations/dimensions/hole-diameter.mjs,.mjs,21,1,1,1,0,0,0,none,,
90,bobercad/app/rendering/annotations/dimensions/hole-edge-distance.mjs,.mjs,227,1,2,15,0,0,0,none,,
91,bobercad/app/rendering/annotations/dimensions/hole-pattern.mjs,.mjs,40,2,1,6,0,0,0,none,,
92,bobercad/app/rendering/annotations/dimensions/hole-spacing.mjs,.mjs,70,1,1,6,0,0,0,none,,
93,bobercad/app/rendering/annotations/dimensions/interface-offsets.mjs,.mjs,45,3,2,3,0,0,0,none,,
94,bobercad/app/rendering/annotations/dimensions/plate-axis.mjs,.mjs,62,1,1,2,0,0,0,none,,
95,bobercad/app/rendering/annotations/dimensions/plate-reference-plane-offset.mjs,.mjs,24,1,1,1,0,0,0,none,,
96,bobercad/app/rendering/annotations/dimensions/weld-size.mjs,.mjs,57,1,1,1,0,0,0,none,,
97,bobercad/app/rendering/annotations/drafting-dimensions.mjs,.mjs,148,1,5,9,0,0,0,none,,
98,bobercad/app/rendering/interaction/command-controller.mjs,.mjs,171,7,1,23,0,0,0,none,,
99,bobercad/app/rendering/interaction/keyboard-shortcuts.mjs,.mjs,80,1,5,13,0,0,0,none,,
100,bobercad/app/rendering/interaction/manipulator-math.mjs,.mjs,93,2,7,11,0,0,0,none,,
101,bobercad/app/rendering/interaction/member-create-controller.mjs,.mjs,563,10,1,55,0,0,0,none,,
102,bobercad/app/rendering/interaction/member-transform-edit-controller.mjs,.mjs,1169,4,1,89,0,0,0,none,,
103,bobercad/app/rendering/interaction/plate-bend-controller.mjs,.mjs,100,4,1,9,0,0,0,none,,
104,bobercad/app/rendering/interaction/plate-create-controller.mjs,.mjs,484,8,1,35,0,0,0,none,,
105,bobercad/app/rendering/interaction/plate-sketch-drag-edit-controller.mjs,.mjs,1113,8,1,60,0,0,0,none,,
106,bobercad/app/rendering/interaction/plate-sketch/dimension-overlay.mjs,.mjs,384,3,1,8,0,0,0,none,,
107,bobercad/app/rendering/interaction/plate-sketch/drag-edit-constants.mjs,.mjs,14,0,12,0,0,0,0,none,,
108,bobercad/app/rendering/interaction/plate-sketch/drag-edit-dimensions.mjs,.mjs,271,3,1,22,0,0,0,none,,
109,bobercad/app/rendering/interaction/plate-sketch/drag-edit-geometry.mjs,.mjs,347,9,26,48,0,0,0,none,,
110,bobercad/app/rendering/interaction/plate-sketch/drag-edit-helpers.mjs,.mjs,6,5,5,0,0,0,0,none,,
111,bobercad/app/rendering/interaction/plate-sketch/drag-edit-mutations.mjs,.mjs,187,1,1,33,0,0,0,none,,
112,bobercad/app/rendering/interaction/plate-sketch/drag-edit-overlays.mjs,.mjs,585,8,2,22,0,0,0,none,,
113,bobercad/app/rendering/interaction/plate-sketch/drag-edit-snap.mjs,.mjs,482,8,21,43,0,0,0,none,,
114,bobercad/app/rendering/interaction/plate-sketch/drag-edit-targets.mjs,.mjs,117,8,9,10,0,0,0,none,,
115,bobercad/app/rendering/interaction/plate-sketch/relation-display.mjs,.mjs,33,0,8,5,0,0,0,none,,
116,bobercad/app/rendering/interaction/plate-sketch/sketch-edit-geometry.mjs,.mjs,78,1,15,16,0,0,0,none,,
117,bobercad/app/rendering/interaction/pointer-plane-point.mjs,.mjs,19,2,2,2,0,0,0,none,,
118,bobercad/app/rendering/interaction/reference-plane-edit-controller.mjs,.mjs,233,2,1,21,0,0,0,none,,
119,bobercad/app/rendering/interaction/selection-controller.mjs,.mjs,105,2,1,15,0,0,0,none,,
120,bobercad/app/rendering/interaction/sketch-create-controller.mjs,.mjs,196,4,1,23,0,0,0,none,,
121,bobercad/app/rendering/interaction/snap-candidate-providers.mjs,.mjs,1232,7,2,89,0,0,0,none,,
122,bobercad/app/rendering/interaction/snap-diagnostics.mjs,.mjs,36,0,2,2,0,0,0,none,,
123,bobercad/app/rendering/interaction/snap-manager.mjs,.mjs,344,7,1,35,0,0,0,none,,
124,bobercad/app/rendering/interaction/snap-profiles.mjs,.mjs,225,0,7,18,0,0,0,none,,
125,bobercad/app/rendering/interaction/snap-selection-manager.mjs,.mjs,169,1,2,20,0,0,0,none,,
126,bobercad/app/rendering/interaction/snap-visibility-policy.mjs,.mjs,285,2,5,31,0,0,0,none,,
127,bobercad/app/rendering/interaction/trim-create-controller.mjs,.mjs,56,0,1,7,0,0,0,none,,
128,bobercad/app/rendering/interaction/work-plane-controller.mjs,.mjs,153,5,1,14,0,0,0,none,,
129,bobercad/app/rendering/scene/README.md,.md,10,0,0,0,0,0,0,none,,
130,bobercad/app/rendering/scene/authoring/authoring-primitives.mjs,.mjs,16,1,2,2,0,0,0,none,,
131,bobercad/app/rendering/scene/authoring/member-axis-space.mjs,.mjs,67,3,6,12,0,0,0,none,,
132,bobercad/app/rendering/scene/authoring/member-manipulator-overlays.mjs,.mjs,129,0,1,11,0,0,0,none,,
133,bobercad/app/rendering/scene/authoring/member-overlays.mjs,.mjs,345,7,3,18,0,0,0,none,,
134,bobercad/app/rendering/scene/authoring/snap-overlays.mjs,.mjs,184,3,6,22,0,0,0,none,,
135,bobercad/app/rendering/scene/plate-bend-geometry.mjs,.mjs,145,3,1,10,0,0,0,none,,
136,bobercad/app/rendering/scene/scene-annotation-metadata.mjs,.mjs,157,3,15,30,0,0,0,none,,
137,bobercad/app/rendering/scene/scene-datum-reference-assembly.mjs,.mjs,255,10,3,21,0,0,0,none,,
138,bobercad/app/rendering/scene/scene-feature-cutters.mjs,.mjs,129,6,3,12,0,0,0,none,,
139,bobercad/app/rendering/scene/scene-geometry-builder.mjs,.mjs,145,10,1,8,0,0,0,none,,
140,bobercad/app/rendering/scene/scene-line-face-assembly.mjs,.mjs,250,5,14,47,0,0,0,none,,
141,bobercad/app/rendering/scene/scene-member-geometry-adapters.mjs,.mjs,404,12,6,34,0,0,0,none,,
142,bobercad/app/rendering/scene/scene-object-geometry-adapters.mjs,.mjs,292,12,5,15,0,0,0,none,,
143,bobercad/app/rendering/scene/scene-object-visibility.mjs,.mjs,23,1,4,3,0,0,0,none,,
144,bobercad/app/rendering/trim-operation-icons.mjs,.mjs,95,1,4,6,0,0,0,none,,
145,bobercad/app/rendering/webgl/README.md,.md,19,0,0,0,0,0,0,none,,
146,bobercad/app/rendering/webgl/camera.mjs,.mjs,194,1,1,22,0,0,0,none,,
147,bobercad/app/rendering/webgl/colors.mjs,.mjs,20,0,3,3,0,0,0,none,,
148,bobercad/app/rendering/webgl/label-rotation.mjs,.mjs,19,1,1,1,0,0,0,none,,
149,bobercad/app/rendering/webgl/text-label-renderer.mjs,.mjs,260,3,1,20,0,0,0,none,,
150,bobercad/app/rendering/webgl/webgl-draw-utils.mjs,.mjs,110,0,1,12,0,0,0,none,,
151,bobercad/app/rendering/webgl/webgl-highlight-policy.mjs,.mjs,22,1,2,6,0,0,0,none,,
152,bobercad/app/rendering/webgl/webgl-object-preview.mjs,.mjs,288,4,1,33,0,0,0,none,,
153,bobercad/app/rendering/webgl/webgl-pick-color-state.mjs,.mjs,70,1,1,6,0,0,0,none,,
154,bobercad/app/rendering/webgl/webgl-picker.mjs,.mjs,351,2,1,24,0,0,0,none,,
155,bobercad/app/rendering/webgl/webgl-programs.mjs,.mjs,177,0,1,7,0,0,0,none,,
156,bobercad/app/rendering/webgl/webgl-render-orchestrator.mjs,.mjs,885,9,1,68,0,0,0,none,,
157,bobercad/app/rendering/webgl/webgl-view-state.mjs,.mjs,50,1,6,6,0,0,0,none,,
158,bobercad/app/rendering/webgl/webgl-viewer-controls.mjs,.mjs,366,0,1,18,0,0,0,none,,
159,bobercad/app/rendering/webgl/webgl-viewer-runtime.mjs,.mjs,936,11,1,94,0,0,0,none,,
160,bobercad/app/schemas/api-register.schema.json,.json,34,0,0,0,0,0,0,none,,
161,bobercad/app/schemas/fastener-library.schema.json,.json,276,0,0,0,0,0,0,none,,
162,bobercad/app/schemas/frame-library.schema.json,.json,233,0,0,0,0,0,0,none,,
163,bobercad/app/schemas/material-library.schema.json,.json,124,0,0,0,0,0,0,none,,
164,bobercad/app/schemas/profile-library.schema.json,.json,281,0,0,0,0,0,0,none,,
165,bobercad/app/schemas/project.schema.json,.json,3616,0,0,0,0,0,0,none,,
166,bobercad/app/schemas/rule-pack.schema.json,.json,70,0,0,0,0,0,0,none,,
167,bobercad/app/schemas/smart-component-register.schema.json,.json,28,0,0,0,0,0,0,none,,
168,bobercad/app/schemas/smart-component.schema.json,.json,584,0,0,0,0,0,0,none,,
169,bobercad/app/schemas/ui-workspace.schema.json,.json,365,0,0,0,0,0,0,none,,
170,bobercad/app/schemas/viewer-settings.schema.json,.json,887,0,0,0,0,0,0,none,,
171,bobercad/app/ui/commands/bottom-strip-metadata.mjs,.mjs,54,0,5,9,0,0,0,none,,
172,bobercad/app/ui/commands/command-group-metadata.mjs,.mjs,109,0,11,11,0,0,0,none,,
173,bobercad/app/ui/commands/command-palette-metadata.mjs,.mjs,28,0,4,1,0,0,0,none,,
174,bobercad/app/ui/commands/command-registry.mjs,.mjs,451,4,20,11,0,0,0,none,,
175,bobercad/app/ui/commands/data-dock-metadata.mjs,.mjs,63,0,17,2,0,0,0,none,,
176,bobercad/app/ui/commands/data-surface-metadata.mjs,.mjs,166,0,9,19,0,0,0,none,,
177,bobercad/app/ui/commands/inspector-dock-metadata.mjs,.mjs,56,0,17,3,0,0,0,none,,
178,bobercad/app/ui/commands/inspector-editable-object-property-metadata.mjs,.mjs,718,2,2,61,0,0,0,none,,
179,bobercad/app/ui/commands/inspector-property-metadata.mjs,.mjs,1118,5,38,104,0,0,0,none,,
180,bobercad/app/ui/commands/inspector-support-object-property-metadata.mjs,.mjs,608,1,1,65,0,0,0,none,,
181,bobercad/app/ui/commands/left-dock-result-metadata.mjs,.mjs,236,5,4,23,0,0,0,none,,
182,bobercad/app/ui/commands/model-browser-metadata.mjs,.mjs,58,0,10,9,0,0,0,none,,
183,bobercad/app/ui/commands/model-collection-metadata.mjs,.mjs,227,0,14,31,0,0,0,none,,
184,bobercad/app/ui/commands/project-data-metadata.mjs,.mjs,74,0,7,10,0,0,0,none,,
185,bobercad/app/ui/commands/settings-strip-metadata.mjs,.mjs,101,0,10,22,0,0,0,none,,
186,bobercad/app/ui/commands/smart-component-browser-metadata.mjs,.mjs,126,0,17,19,0,0,0,none,,
187,bobercad/app/ui/commands/snap-metadata.mjs,.mjs,81,0,9,11,0,0,0,none,,
188,bobercad/app/ui/commands/trim-operation-metadata.mjs,.mjs,25,0,4,5,0,0,0,none,,
189,bobercad/app/ui/commands/view-metadata.mjs,.mjs,142,0,12,12,0,0,0,none,,
190,bobercad/app/ui/controls/snap-settings-control.mjs,.mjs,122,2,1,13,11,0,0,none,,
191,bobercad/app/ui/design-system/command-palette.css,.css,297,0,0,0,0,0,0,none,,
192,bobercad/app/ui/design-system/components.css,.css,5,0,0,0,0,0,0,none,,
193,bobercad/app/ui/design-system/panels-and-controls.css,.css,1455,0,0,0,0,0,0,none,,
194,bobercad/app/ui/design-system/theme-dark.css,.css,37,0,0,0,0,0,0,none,,
195,bobercad/app/ui/design-system/theme-light.css,.css,36,0,0,0,0,0,0,none,,
196,bobercad/app/ui/design-system/tokens.css,.css,158,0,0,0,0,0,0,none,,
197,bobercad/app/ui/design-system/toolbar.css,.css,308,0,0,0,0,0,0,none,,
198,bobercad/app/ui/design-system/ui-elements.mjs,.mjs,1103,2,33,93,81,0,0,none,,
199,bobercad/app/ui/design-system/workspace-customizer.css,.css,575,0,0,0,0,0,0,none,,
200,bobercad/app/ui/icons/icon-registry.mjs,.mjs,526,0,2,2,2,0,0,none,,
201,bobercad/app/ui/shell/command-palette.mjs,.mjs,438,3,2,44,27,0,0,none,,
202,bobercad/app/ui/shell/dock-tabs.css,.css,345,0,0,0,0,0,0,none,,
203,bobercad/app/ui/shell/dock-tabs.mjs,.mjs,195,2,1,33,6,0,0,none,,
204,bobercad/app/ui/shell/feature-navbar.css,.css,284,0,0,0,0,0,0,none,,
205,bobercad/app/ui/shell/feature-navbar.mjs,.mjs,315,2,1,38,13,0,0,none,,
206,bobercad/app/ui/shell/inspector-dock.css,.css,212,0,0,0,0,0,0,none,,
207,bobercad/app/ui/shell/inspector-dock.mjs,.mjs,264,2,1,42,9,0,0,none,,
208,bobercad/app/ui/shell/status-bar.mjs,.mjs,315,5,1,38,8,0,0,none,,
209,bobercad/app/ui/shell/workspace-customizer-commands.mjs,.mjs,281,5,5,23,0,0,0,none,,
210,bobercad/app/ui/shell/workspace-customizer-dialog.mjs,.mjs,831,6,1,98,36,0,0,none,,
211,bobercad/app/ui/shell/workspace-customizer-file-io.mjs,.mjs,43,2,3,5,5,0,0,none,,
212,bobercad/app/ui/shell/workspace-customizer-labels.mjs,.mjs,12,1,2,3,0,0,0,none,,
213,bobercad/app/ui/shell/workspace-customizer-manager.mjs,.mjs,1129,9,1,94,11,0,0,none,,
214,bobercad/app/ui/shell/workspace-customizer-mount.mjs,.mjs,232,4,1,36,4,0,0,none,,
215,bobercad/app/ui/shell/workspace-customizer-ordering.mjs,.mjs,147,1,12,18,0,0,0,none,,
216,bobercad/app/ui/shell/workspace-customizer-panel-dock.mjs,.mjs,98,2,9,13,0,0,0,none,,
217,bobercad/app/ui/shell/workspace-customizer-panel.mjs,.mjs,6,5,5,0,0,0,0,none,,
218,bobercad/app/ui/shell/workspace-customizer-state.mjs,.mjs,628,4,1,111,1,0,0,none,,
219,bobercad/app/ui/shell/workspace-customizer-toolbar-dom.mjs,.mjs,222,3,9,33,5,0,0,none,,
220,bobercad/app/ui/shell/workspace-shell.css,.css,1024,0,0,0,0,0,0,none,,
221,bobercad/app/ui/shell/workspace-storage.mjs,.mjs,185,0,15,17,5,0,0,none,,
222,bobercad/app/ui/viewer/README.md,.md,30,0,0,0,0,0,0,none,,
223,bobercad/app/ui/viewer/dimensions/README.md,.md,11,0,0,0,0,0,0,none,,
224,bobercad/app/ui/viewer/dimensions/dimension-edit-controller.mjs,.mjs,233,4,1,25,0,0,0,none,,
225,bobercad/app/ui/viewer/dimensions/dimension-overlay-ui.mjs,.mjs,574,3,1,81,24,0,0,none,,
226,bobercad/app/ui/viewer/index.html,.html,63,0,0,0,0,0,0,none,,
227,bobercad/app/ui/viewer/member-transform-panel.css,.css,86,0,0,0,0,0,0,none,,
228,bobercad/app/ui/viewer/model-browser.css,.css,4,0,0,0,0,0,0,none,,
229,bobercad/app/ui/viewer/model-browser.mjs,.mjs,294,0,2,38,0,0,0,none,,
230,bobercad/app/ui/viewer/nav-cube.css,.css,279,0,0,0,0,0,0,none,,
231,bobercad/app/ui/viewer/nav-cube.mjs,.mjs,353,2,4,29,5,0,0,none,,
232,bobercad/app/ui/viewer/panels/contributions/plate-sketch-inspector.mjs,.mjs,922,1,1,103,0,0,0,none,,
233,bobercad/app/ui/viewer/panels/contributions/smart-component-properties.mjs,.mjs,26,1,1,4,0,0,0,none,,
234,bobercad/app/ui/viewer/panels/feature-editor-panel.mjs,.mjs,122,5,1,23,0,0,0,none,,
235,bobercad/app/ui/viewer/panels/generated-properties-panel.mjs,.mjs,358,2,2,53,3,0,0,none,,
236,bobercad/app/ui/viewer/panels/generated-property-bindings.mjs,.mjs,148,0,3,40,0,0,0,none,,
237,bobercad/app/ui/viewer/panels/inspector-panel.mjs,.mjs,1098,17,1,252,0,0,0,none,,
238,bobercad/app/ui/viewer/panels/inspector-property-bindings.mjs,.mjs,269,1,2,104,0,0,0,none,,
239,bobercad/app/ui/viewer/panels/inspector-scene-metrics.mjs,.mjs,110,2,2,15,0,0,0,none,,
240,bobercad/app/ui/viewer/panels/member-transform-panel.mjs,.mjs,182,3,1,18,0,0,0,none,,
241,bobercad/app/ui/viewer/panels/panel-elements.mjs,.mjs,879,1,42,123,49,0,0,none,,
242,bobercad/app/ui/viewer/panels/trim-joint-editor-panel.mjs,.mjs,721,9,1,103,11,0,0,none,,
243,bobercad/app/ui/viewer/project-data-panel.css,.css,5,0,0,0,0,0,0,none,,
244,bobercad/app/ui/viewer/project-data-panel.mjs,.mjs,350,1,1,48,0,0,0,none,,
245,bobercad/app/ui/viewer/project-files-panel.mjs,.mjs,247,0,1,33,1,0,0,none,,
246,bobercad/app/ui/viewer/smart-component-browser.mjs,.mjs,340,0,1,32,0,0,0,none,,
247,bobercad/app/ui/viewer/smart-component-parameter-ui-style.mjs,.mjs,222,0,1,1,3,0,0,none,,
248,bobercad/app/ui/viewer/smart-component-parameter-ui.mjs,.mjs,1015,5,1,128,11,0,0,none,,
249,bobercad/app/ui/viewer/smart-component-ui-loader.mjs,.mjs,12,1,1,4,0,0,0,none,,
250,bobercad/app/ui/viewer/style.css,.css,18,0,0,0,0,0,0,none,,
251,bobercad/app/ui/viewer/toolbar/modeling-toolbar.mjs,.mjs,176,5,1,12,3,0,0,none,,
252,bobercad/app/ui/viewer/viewer-app-controller.mjs,.mjs,154,0,1,22,0,0,0,none,,
253,bobercad/app/ui/viewer/viewer-authoring-overlays.css,.css,715,0,0,0,0,0,0,none,,
254,bobercad/app/ui/viewer/viewer-canvas.css,.css,50,0,0,0,0,0,0,none,,
255,bobercad/app/ui/viewer/viewer-command-adapter.mjs,.mjs,95,4,2,19,0,0,0,none,,
256,bobercad/app/ui/viewer/viewer-command-registration.mjs,.mjs,663,4,1,115,0,0,0,none,,
257,bobercad/app/ui/viewer/viewer-dom-runtime.mjs,.mjs,192,2,1,16,0,0,0,none,,
258,bobercad/app/ui/viewer/viewer-editor-panels.css,.css,184,0,0,0,0,0,0,none,,
259,bobercad/app/ui/viewer/viewer-qa-bridge.mjs,.mjs,664,7,2,58,25,0,0,none,,
260,bobercad/app/ui/viewer/viewer-render-scheduler.mjs,.mjs,349,8,5,61,15,0,0,none,,
261,bobercad/app/ui/viewer/viewer-runtime.mjs,.mjs,935,38,0,130,35,0,0,none,,
262,bobercad/app/ui/viewer/viewer-settings-strip.css,.css,325,0,0,0,0,0,0,none,,
263,bobercad/app/ui/viewer/viewer-settings-strip.mjs,.mjs,283,3,1,38,7,0,0,none,,
264,bobercad/app/ui/viewer/viewer-settings.json,.json,367,0,0,0,0,0,0,none,,
265,bobercad/app/ui/viewer/viewer-snap-controls.css,.css,144,0,0,0,0,0,0,none,,
266,bobercad/app/ui/viewer/viewer-workspace-bindings.mjs,.mjs,387,5,1,56,3,0,0,none,,
267,bobercad/app/ui/workspaces/default-workspace.json,.json,99,0,0,0,0,0,0,none,,
268,bobercad/data/libraries/fasteners/fastener-libraries/starter-fasteners/config.json,.json,201,0,0,0,0,0,0,none,,
269,bobercad/data/libraries/fasteners/fastener-register.json,.json,6,0,0,0,0,0,0,none,,
270,bobercad/data/libraries/frames/frame-libraries/starter-frames/config.json,.json,111,0,0,0,0,0,0,none,,
271,bobercad/data/libraries/frames/frame-register.json,.json,6,0,0,0,0,0,0,none,,
272,bobercad/data/libraries/materials/material-libraries/starter-materials/config.json,.json,54,0,0,0,0,0,0,none,,
273,bobercad/data/libraries/materials/material-register.json,.json,6,0,0,0,0,0,0,none,,
274,bobercad/data/libraries/profiles/profile-libraries/starter-profiles/config.json,.json,1038,0,0,0,0,0,0,none,,
275,bobercad/data/libraries/profiles/profile-register.json,.json,6,0,0,0,0,0,0,none,,
276,bobercad/data/libraries/smart-components/components/buildings/warehouse/build.mjs,.mjs,107,0,1,4,0,0,0,none,,
277,bobercad/data/libraries/smart-components/components/buildings/warehouse/config.json,.json,63,0,0,0,0,0,0,none,,
278,bobercad/data/libraries/smart-components/components/connections/apex-gusset/config.json,.json,264,0,0,0,0,0,0,none,,
279,bobercad/data/libraries/smart-components/components/connections/base-plate/config.json,.json,313,0,0,0,0,0,0,none,,
280,bobercad/data/libraries/smart-components/components/connections/fin-plate/config.json,.json,1503,0,0,0,0,0,0,none,,
281,bobercad/data/libraries/smart-components/components/connections/member-splice/build.mjs,.mjs,6,1,1,1,0,0,0,none,,
282,bobercad/data/libraries/smart-components/components/connections/member-splice/config.json,.json,109,0,0,0,0,0,0,none,,
283,bobercad/data/libraries/smart-components/components/connections/moment-end-plate/config.json,.json,345,0,0,0,0,0,0,none,,
284,bobercad/data/libraries/smart-components/components/connections/stair-hardware/build.mjs,.mjs,6,1,1,1,0,0,0,none,,
285,bobercad/data/libraries/smart-components/components/connections/stair-hardware/config.json,.json,51,0,0,0,0,0,0,none,,
286,bobercad/data/libraries/smart-components/components/frames/portal-frame/build.mjs,.mjs,56,0,1,2,0,0,0,none,,
287,bobercad/data/libraries/smart-components/components/frames/portal-frame/config.json,.json,89,0,0,0,0,0,0,none,,
288,bobercad/data/libraries/smart-components/components/shared/connections/stair-and-splice-hardware-connections.mjs,.mjs,911,0,3,63,0,0,0,none,,
289,bobercad/data/libraries/smart-components/components/shared/geometry/rolled-centerline.mjs,.mjs,52,1,2,2,0,0,0,none,,
290,bobercad/data/libraries/smart-components/components/stairs/flights/path-flight/build.mjs,.mjs,18,0,1,1,0,0,0,none,,
291,bobercad/data/libraries/smart-components/components/stairs/flights/path-flight/config.json,.json,34,0,0,0,0,0,0,none,,
292,bobercad/data/libraries/smart-components/components/stairs/landings/framed-landing/build.mjs,.mjs,6,1,1,1,0,0,0,none,,
293,bobercad/data/libraries/smart-components/components/stairs/landings/framed-landing/config.json,.json,35,0,0,0,0,0,0,none,,
294,bobercad/data/libraries/smart-components/components/stairs/landings/plate-landing/build.mjs,.mjs,6,1,1,1,0,0,0,none,,
295,bobercad/data/libraries/smart-components/components/stairs/landings/plate-landing/config.json,.json,35,0,0,0,0,0,0,none,,
296,bobercad/data/libraries/smart-components/components/stairs/landings/shared-landing.mjs,.mjs,132,0,1,14,0,0,0,none,,
297,bobercad/data/libraries/smart-components/components/stairs/railings/glass-panel/build.mjs,.mjs,6,1,1,1,0,0,0,none,,
298,bobercad/data/libraries/smart-components/components/stairs/railings/glass-panel/config.json,.json,35,0,0,0,0,0,0,none,,
299,bobercad/data/libraries/smart-components/components/stairs/railings/post-and-rail/build.mjs,.mjs,6,1,1,1,0,0,0,none,,
300,bobercad/data/libraries/smart-components/components/stairs/railings/post-and-rail/config.json,.json,35,0,0,0,0,0,0,none,,
301,bobercad/data/libraries/smart-components/components/stairs/railings/shared/railing-path-and-panel-system.mjs,.mjs,753,1,1,43,0,0,0,none,,
302,bobercad/data/libraries/smart-components/components/stairs/railings/wall-handrail/build.mjs,.mjs,6,1,1,1,0,0,0,none,,
303,bobercad/data/libraries/smart-components/components/stairs/railings/wall-handrail/config.json,.json,35,0,0,0,0,0,0,none,,
304,bobercad/data/libraries/smart-components/components/stairs/rule-packs/uk-part-k/README.md,.md,6,0,0,0,0,0,0,none,,
305,bobercad/data/libraries/smart-components/components/stairs/rule-packs/uk-part-k/config.json,.json,21,0,0,0,0,0,0,none,,
306,bobercad/data/libraries/smart-components/components/stairs/rule-packs/uk-part-k/rules.mjs,.mjs,120,1,2,8,0,0,0,none,,
307,bobercad/data/libraries/smart-components/components/stairs/sections/transport-sections/build.mjs,.mjs,152,0,1,13,0,0,0,none,,
308,bobercad/data/libraries/smart-components/components/stairs/sections/transport-sections/config.json,.json,34,0,0,0,0,0,0,none,,
309,bobercad/data/libraries/smart-components/components/stairs/stair-system/README.md,.md,14,0,0,0,0,0,0,none,,
310,bobercad/data/libraries/smart-components/components/stairs/stair-system/build.mjs,.mjs,453,1,1,11,0,0,0,none,,
311,bobercad/data/libraries/smart-components/components/stairs/stair-system/config.json,.json,1015,0,0,0,0,0,0,none,,
312,bobercad/data/libraries/smart-components/components/stairs/stair-system/solver.mjs,.mjs,1183,3,1,113,0,0,0,none,,
313,bobercad/data/libraries/smart-components/components/stairs/supports/mono-stringer/build.mjs,.mjs,6,1,1,1,0,0,0,none,,
314,bobercad/data/libraries/smart-components/components/stairs/supports/mono-stringer/config.json,.json,35,0,0,0,0,0,0,none,,
315,bobercad/data/libraries/smart-components/components/stairs/supports/shared/support-system.mjs,.mjs,261,1,1,15,0,0,0,none,,
316,bobercad/data/libraries/smart-components/components/stairs/supports/spiral-column/build.mjs,.mjs,6,1,1,1,0,0,0,none,,
317,bobercad/data/libraries/smart-components/components/stairs/supports/spiral-column/config.json,.json,36,0,0,0,0,0,0,none,,
318,bobercad/data/libraries/smart-components/components/stairs/supports/twin-stringer/build.mjs,.mjs,6,1,1,1,0,0,0,none,,
319,bobercad/data/libraries/smart-components/components/stairs/supports/twin-stringer/config.json,.json,35,0,0,0,0,0,0,none,,
320,bobercad/data/libraries/smart-components/components/stairs/treads/folded-tray-tread/build.mjs,.mjs,6,1,1,1,0,0,0,none,,
321,bobercad/data/libraries/smart-components/components/stairs/treads/folded-tray-tread/config.json,.json,116,0,0,0,0,0,0,none,,
322,bobercad/data/libraries/smart-components/components/stairs/treads/grating-tread/build.mjs,.mjs,6,1,1,1,0,0,0,none,,
323,bobercad/data/libraries/smart-components/components/stairs/treads/grating-tread/config.json,.json,90,0,0,0,0,0,0,none,,
324,bobercad/data/libraries/smart-components/components/stairs/treads/pan-tread/build.mjs,.mjs,6,1,1,1,0,0,0,none,,
325,bobercad/data/libraries/smart-components/components/stairs/treads/pan-tread/config.json,.json,97,0,0,0,0,0,0,none,,
326,bobercad/data/libraries/smart-components/components/stairs/treads/plate-tread/build.mjs,.mjs,6,1,1,1,0,0,0,none,,
327,bobercad/data/libraries/smart-components/components/stairs/treads/plate-tread/config.json,.json,90,0,0,0,0,0,0,none,,
328,bobercad/data/libraries/smart-components/components/stairs/treads/shared/tread-set.mjs,.mjs,398,0,1,27,0,0,0,none,,
329,bobercad/data/libraries/smart-components/smart-component-register.json,.json,29,0,0,0,0,0,0,none,,
330,bobercad/data/projects/sample_authoring_nc1_test.json,.json,2634,0,0,0,0,0,0,none,,
331,bobercad/data/projects/sample_beam_to_beam_end_plate.json,.json,1629,0,0,0,0,0,0,none,,
332,bobercad/data/projects/sample_beam_to_beam_fin_plate.json,.json,1667,0,0,0,0,0,0,none,,
333,bobercad/data/projects/sample_beam_to_column_fin_plate.json,.json,1325,0,0,0,0,0,0,none,,
334,bobercad/data/projects/sample_boolean_beam.json,.json,540,0,0,0,0,0,0,none,,
335,bobercad/data/projects/sample_connection_test_frame.json,.json,1183,0,0,0,0,0,0,none,,
336,bobercad/data/projects/sample_portal_frame.json,.json,4074,0,0,0,0,0,0,none,,
337,bobercad/data/projects/sample_seed_connection_structure.json,.json,2742,0,0,0,0,0,0,none,,
338,bobercad/data/projects/sample_stair_all_variants.json,.json,332205,0,0,0,0,0,0,none,,
339,bobercad/data/projects/sample_stair_compliance_failures.json,.json,15373,0,0,0,0,0,0,none,,
340,bobercad/data/projects/sample_stair_curved.json,.json,28289,0,0,0,0,0,0,none,,
341,bobercad/data/projects/sample_stair_glass_rail.json,.json,17053,0,0,0,0,0,0,none,,
342,bobercad/data/projects/sample_stair_grating_treads.json,.json,14730,0,0,0,0,0,0,none,,
343,bobercad/data/projects/sample_stair_helical.json,.json,62033,0,0,0,0,0,0,none,,
344,bobercad/data/projects/sample_stair_l_shape.json,.json,24410,0,0,0,0,0,0,none,,
345,bobercad/data/projects/sample_stair_manual_station_split.json,.json,19587,0,0,0,0,0,0,none,,
346,bobercad/data/projects/sample_stair_max_weight_transport_split.json,.json,29745,0,0,0,0,0,0,none,,
347,bobercad/data/projects/sample_stair_mono_stringer.json,.json,11191,0,0,0,0,0,0,none,,
348,bobercad/data/projects/sample_stair_spiral.json,.json,25578,0,0,0,0,0,0,none,,
349,bobercad/data/projects/sample_stair_straight_basic.json,.json,16403,0,0,0,0,0,0,none,,
350,bobercad/data/projects/sample_stair_straight_with_landing.json,.json,22759,0,0,0,0,0,0,none,,
351,bobercad/data/projects/sample_stair_tread_variants.json,.json,5033,0,0,0,0,0,0,none,,
352,bobercad/data/projects/sample_stair_treads_and_landings_only_all_variants.json,.json,67472,0,0,0,0,0,0,none,,
353,bobercad/data/projects/sample_stair_u_switchback.json,.json,29055,0,0,0,0,0,0,none,,
354,bobercad/data/projects/sample_stair_winder.json,.json,22839,0,0,0,0,0,0,none,,
355,bobercad/data/projects/sample_trimming_lab.json,.json,1997,0,0,0,0,0,0,none,,
356,bobercad/data/projects/sample_warehouse_12x24.json,.json,72906,0,0,0,0,0,0,none,,
357,docs/architecture/app-architecture-audit.md,.md,87,0,0,0,0,0,0,none,,
358,docs/architecture/app-architecture-remediation-log.md,.md,150,0,0,0,0,0,0,none,,
359,docs/architecture/app-architecture-rescan-compact-table.md,.md,82,0,0,0,0,0,0,none,,
360,docs/architecture/data-model.md,.md,333,0,0,0,0,0,0,none,,
361,docs/architecture/folder-structure.md,.md,265,0,0,0,0,0,0,none,,
362,docs/decisions/0001-json-source-of-truth.md,.md,30,0,0,0,0,0,0,none,,
363,docs/exec-plans/active/0001-viewer-mvp.md,.md,50,0,0,0,0,0,0,none,,
364,docs/exec-plans/active/0002-authoring-patterns-and-nc1-data.md,.md,376,0,0,0,0,0,0,none,,
365,docs/exec-plans/active/0003-smart-component-generator-template-and-stair-system.md,.md,835,0,0,0,0,0,0,none,,
366,docs/exec-plans/active/0004-stair-system-visual-quality-and-variant-acceptance.md,.md,717,0,0,0,0,0,0,none,,
367,docs/exec-plans/active/0005-stair-gallery-qa-curved-members-and-reusable-connections.md,.md,52,0,0,0,0,0,0,none,,
368,docs/exec-plans/active/0006-unified-snapping-and-selection-manager.md,.md,832,0,0,0,0,0,0,none,,
369,docs/exec-plans/active/0007-professional-ui-design-system.md,.md,1082,0,0,1,0,0,0,none,,
370,docs/exec-plans/active/0008-tekla-killer-1-year-roadmap.md,.md,1148,0,0,0,0,0,0,none,,
371,docs/quality/code-removal-log.md,.md,18332,0,0,711,0,0,0,none,,
372,docs/quality/validation.md,.md,40,0,0,0,0,0,0,none,,
373,docs/workflows/codex-workflow.md,.md,53,0,0,0,0,0,0,none,,
374,docs/workflows/modeling-commands.md,.md,36,0,0,0,0,0,0,none,,
375,scripts/architecture_line_scan.js,.js,242,0,2,23,15,0,0,none,,
376,scripts/check_repo.js,.js,18,0,0,0,0,0,0,none,,
377,scripts/check_repo_contracts.js,.js,1177,0,14,99,2,0,0,none,,
378,scripts/check_repo_structure.js,.js,2,0,0,0,0,0,0,none,,
379,scripts/check_viewer_runtime.js,.js,1193,0,0,119,0,0,0,none,,
380,scripts/contracts/model_authoring_contracts.js,.js,557,0,0,31,0,0,0,none,,
381,scripts/contracts/project_schema_contracts.js,.js,41,0,0,4,0,0,0,none,,
382,scripts/contracts/project_store_contracts.js,.js,85,0,0,7,0,0,0,none,,
383,scripts/contracts/smart_component_lifecycle_contracts.js,.js,523,0,0,53,3,0,0,none,,
384,scripts/contracts/smart_component_quick_property_contracts.js,.js,411,0,4,58,0,0,0,none,,
385,scripts/contracts/ui_contract_helpers.js,.js,118,0,0,7,0,0,0,none,,
386,scripts/contracts/ui_workspace_contracts.js,.js,839,0,3,37,0,0,0,none,,
387,scripts/contracts/ui_workspace_generated_panel_contracts.js,.js,867,0,23,79,1,0,0,none,,
388,scripts/contracts/ui_workspace_inspector_descriptor_contracts.js,.js,713,0,1,164,0,0,0,none,,
389,scripts/contracts/ui_workspace_inspector_object_contracts.js,.js,813,0,1,297,0,0,0,none,,
390,scripts/contracts/ui_workspace_left_dock_shell_contracts.js,.js,916,0,6,47,2,0,0,none,,
391,scripts/contracts/ui_workspace_snap_view_workspace_contracts.js,.js,1210,0,6,38,4,0,0,none,,
392,scripts/contracts/viewer_runtime_contract_helpers.js,.js,64,0,0,4,0,0,0,none,,
393,scripts/export_bobercad_ai_review.js,.js,232,0,0,18,0,0,0,none,,
394,scripts/generate_stair_samples.mjs,.mjs,376,5,0,16,3,0,0,none,,
395,scripts/generate_stair_tread_variants_sample.mjs,.mjs,205,4,0,13,3,0,0,none,,
396,scripts/generate_stair_treads_only_gallery.mjs,.mjs,319,4,0,15,3,0,0,none,,
397,scripts/validate_domain_model.js,.js,463,0,0,23,0,0,0,none,,
398,scripts/validate_json_schema.js,.js,226,0,0,24,0,0,0,none,,
399,tools/demo/generate_warehouse_hall_12x24.mjs,.mjs,365,5,0,14,0,0,0,none,,
400,tools/dev/no_cache_http_server.py,.py,194,0,0,2,0,0,0,none,,
401,tools/qa/capture_connection_views.mjs,.mjs,436,7,0,44,4,0,0,none,,
402,tools/qa/qa_stair_variants.mjs,.mjs,911,6,0,100,0,0,0,none,,
403,tools/stress/benchmark_member_move.mjs,.mjs,220,7,0,32,0,0,0,none,,
404,tools/stress/generate_eiffel_tower_stress.mjs,.mjs,754,5,0,47,0,0,0,none,,
405,tools/stress/generate_random_beam_stress_projects.mjs,.mjs,265,4,0,22,0,0,0,none,,
406,tools/stress/generate_warehouse_hall_stress.mjs,.mjs,372,5,0,31,0,0,0,none,,
407,tools/stress/interactive_member_drag.mjs,.mjs,169,4,0,26,16,0,0,none,,
